{
  "namespaces": [],
  "tables": [
    {
      "columns": {
        "id": {
          "name": "id",
          "type": "integer",
          "unsigned": true,
          "autoincrement": true,
          "primary": true,
          "nullable": false,
          "mappedType": "integer"
        },
        "created_at": {
          "name": "created_at",
          "type": "datetime",
          "unsigned": false,
          "autoincrement": false,
          "primary": false,
          "nullable": false,
          "length": 0,
          "mappedType": "datetime"
        },
        "updated_at": {
          "name": "updated_at",
          "type": "datetime",
          "unsigned": false,
          "autoincrement": false,
          "primary": false,
          "nullable": false,
          "length": 0,
          "mappedType": "datetime"
        },
        "login": {
          "name": "login",
          "type": "text",
          "unsigned": false,
          "autoincrement": false,
          "primary": false,
          "nullable": false,
          "mappedType": "text"
        },
        "password": {
          "name": "password",
          "type": "text",
          "unsigned": false,
          "autoincrement": false,
          "primary": false,
          "nullable": false,
          "mappedType": "text"
        },
        "email": {
          "name": "email",
          "type": "text",
          "unsigned": false,
          "autoincrement": false,
          "primary": false,
          "nullable": false,
          "mappedType": "text"
        }
      },
      "name": "user",
      "indexes": [
        {
          "columnNames": [
            "login"
          ],
          "composite": false,
          "keyName": "user_login_unique",
          "primary": false,
          "unique": true
        },
        {
          "columnNames": [
            "email"
          ],
          "composite": false,
          "keyName": "user_email_unique",
          "primary": false,
          "unique": true
        },
        {
          "keyName": "primary",
          "columnNames": [
            "id"
          ],
          "composite": false,
          "primary": true,
          "unique": true
        }
      ],
      "checks": [],
      "foreignKeys": {}
    }
  ]
}
